sku_id,pattern,mean_weekly_demand,demand_cv,trend_pct_per_year,seasonal_amplitude_pct,seasonal_phase_weeks,zero_week_probability,promotion_week_probability,promotion_demand_multiplier,promotion_price_discount_pct,base_price_usd,supplier_lead_time_weeks
FM-001,fast_moving,92.61504732675107,0.29939858316866685,-4.959762575358939,13.714018420085349,35.17625238236326,0.0,0.08324500807340054,1.738096068111291,17.364639269343478,29.742808033995935,5
FM-002,fast_moving,93.21327033854985,0.27603893030962234,-2.227332847125165,11.21774695914136,5.827267938031305,0.0,0.08012201910485472,2.1069341637924692,12.251768998140111,21.18227643117615,4
FM-003,fast_moving,64.50910984227795,0.21662555437748765,6.7583688386259055,12.248738226277306,26.89157013572112,0.0,0.09083408907622464,1.3843749166704948,16.145198982040593,22.252963066397335,4
FM-004,fast_moving,83.1417130308771,0.21611856690730477,11.58551297896685,11.757303213659462,3.923241910566724,0.0,0.07931933106252483,2.047610390794623,15.109714360418193,26.800359088782706,4
FM-005,fast_moving,138.33680261478963,0.16124378823073693,7.7045194414844875,12.070997434317588,16.445601263416577,0.0,0.06271781829943752,1.3908345776941358,18.289670884952216,12.000837188559935,5
FM-006,fast_moving,129.37259876794465,0.25018790687658565,10.79826686898695,8.26060735882946,33.57226126188911,0.0,0.10927104133424514,1.4263422570866955,17.69155533845134,28.952516504433575,4
FM-007,fast_moving,75.40308012248983,0.26237887699424073,11.449964286429793,14.694827295275692,32.15353904175938,0.0,0.10866419338993097,2.1569635551671436,19.75223747379029,13.698281946304006,4
FM-008,fast_moving,97.50368001128126,0.1889588134667099,13.89562459621343,6.746758758230916,37.75227314131216,0.0,0.10378905001850902,1.9809778777289155,11.75480737615389,29.61523688862761,5
FM-009,fast_moving,81.8313496446215,0.24743732379537936,-1.6785981004321981,13.169447551585023,29.33369317793762,0.0,0.07842063503258032,1.4867216280700475,16.90714534384115,13.043304887229205,5
FM-010,fast_moving,123.92464889381824,0.216805619726528,3.2459420860703894,11.751297159743167,32.44701944433901,0.0,0.08765240377530668,1.7137786389229988,16.96371638781824,31.109821357796648,5
FM-011,fast_moving,75.01652201986711,0.25147198397433723,3.1159737912114878,5.781922330878576,1.871806042552305,0.0,0.08925822356532112,1.6448782621569333,11.722633848501715,22.537391037960383,4
FM-012,fast_moving,125.27588247816708,0.19059154799399672,8.69390523425459,7.386855129052638,7.012348308147194,0.0,0.06708013535308892,1.4844038930515162,11.499626764556512,24.802073516178254,5
FM-013,fast_moving,108.35999671266268,0.22804109654190935,14.692628007505721,9.534620168471257,23.742865219149436,0.0,0.09398311300866402,1.608539705194179,13.514012273312474,30.33120180989581,5
FM-014,fast_moving,65.56781094665881,0.290007387479135,-3.761058582751138,5.258978664106034,9.452738019150097,0.0,0.09859721755487995,1.7004514261546628,14.532775087904565,26.249462676230458,4
FM-015,fast_moving,91.01176003849282,0.2714311173952125,8.405438118019866,11.955148562233173,8.885932039220588,0.0,0.09616723260058134,1.7494244281539975,12.83632378839302,26.19305111281078,4
FM-016,fast_moving,86.69818834039674,0.20880163816062453,1.1806930661007797,12.70695391384383,7.883653599488446,0.0,0.09273537095515852,1.6857860695136648,11.738450875331779,28.208462177851892,5
FM-017,fast_moving,69.11343269673863,0.22238428676330266,8.533596713719398,12.311491848595338,29.348253739824237,0.0,0.06892635604367574,1.6734496479070744,13.801961989647792,14.598911578500095,5
FM-018,fast_moving,74.6238753167897,0.2672107069985307,-0.12324604423379792,8.182017924303635,45.16729324254422,0.0,0.10360339066837224,1.7699291613128203,13.502169090132135,34.622869523367726,4
FM-019,fast_moving,125.77517238670444,0.26605173985221353,-3.5443137948795544,5.506592234070573,27.183824882954,0.0,0.06463416439915651,1.5519783268001373,10.055083798797257,13.476825013131286,4
FM-020,fast_moving,126.37963845607501,0.2720820864933865,13.607704815426619,7.145862918461921,46.590476099689305,0.0,0.08672132027047648,2.0960449817596363,17.87775287600069,19.243127878186893,4
FM-021,fast_moving,112.52165686187989,0.1813645875318578,-1.3884777687618644,5.025614940607771,34.29705573219698,0.0,0.06060642710188441,1.4107633227056675,12.82418570880067,17.51488815934815,5
FM-022,fast_moving,138.27708535745467,0.19618163202141772,5.8731524619463045,9.346883482163651,47.49101852198541,0.0,0.0890329586177519,1.6936694973171513,10.471870356485063,22.374025264137792,5
FM-023,fast_moving,128.17047918906798,0.18952976411041872,-0.10255797564359792,9.882993751656674,16.21970226159535,0.0,0.10424490510397304,1.580524300527931,17.665998790854214,16.917425860842567,4
FM-024,fast_moving,104.09789907254391,0.2842801752289005,11.752929356395466,6.701199426726512,40.99935797459832,0.0,0.10023964333746643,1.4416371669735075,13.658685753477936,15.393515761850116,4
FM-025,fast_moving,129.31450916238424,0.15648897402664882,-1.7810782185563423,6.3134021836208545,1.1697840638411816,0.0,0.09872697331575991,1.5511219543631485,16.547669348219145,14.741624996720141,4
FM-026,fast_moving,98.71354521333558,0.2058253101832094,9.762329653695671,5.396950526195727,32.98196225763855,0.0,0.09766331890145806,1.5366426675108074,11.379494277173091,25.275737435265697,4
FM-027,fast_moving,91.78667159085433,0.2268757373213804,12.79569440763283,11.495365015069655,38.11113252776309,0.0,0.062234336929399336,1.4421492769056337,11.541855070941702,32.37572530419328,4
FM-028,fast_moving,86.73423698929828,0.2561880804280119,3.6435580663366807,10.76533071794156,10.869679222906644,0.0,0.07473224283953317,1.453706921282742,11.0531139571927,31.263259104053322,5
FM-029,fast_moving,107.38472200699105,0.15043197927015386,5.701010225762772,8.749959366863052,6.764726898079056,0.0,0.06691597705266095,1.8699007742620886,18.354850014610705,30.90366837036357,5
FM-030,fast_moving,136.52513268601172,0.1899409565402183,-0.8379997911401427,5.337617670417483,11.406767542859392,0.0,0.06171272581602501,1.7275954342679443,19.465395508001265,29.407829841218373,5
FM-031,fast_moving,107.57114573077655,0.1635429998202675,14.014856121085643,9.398211113381372,41.13538548375541,0.0,0.06270855627342631,1.4314771591417965,14.73026654258356,23.658679525994565,5
FM-032,fast_moving,115.89122985190178,0.2459442924659473,2.917431635664909,7.480226541485422,34.537053544235214,0.0,0.08844266183434299,1.5734763147743671,11.131011568346866,33.29136052779959,4
FM-033,fast_moving,78.95073413615765,0.2571658763278594,12.623088546691484,9.527870578141176,41.22155215345349,0.0,0.07968232342884693,1.502121358207285,18.52846733025828,18.195833032205243,5
FM-034,fast_moving,122.29906930713513,0.19002771507431782,-3.92956672157617,11.30810393798217,35.56138850887965,0.0,0.07791152294995671,1.931069656086457,13.294671020677425,18.04240852588474,5
FM-035,fast_moving,125.28800592083216,0.20820582648756072,-4.295174643004447,9.489614050624152,10.619191225600234,0.0,0.06554123714769981,1.9044819305356535,13.642254156217962,16.400289367953917,4
FM-036,fast_moving,122.10181320087273,0.24731315075429033,2.502890076869246,8.257102541794236,41.50384335230052,0.0,0.09072196921922061,1.362396143854704,19.580793272378507,21.309949450048304,5
FM-037,fast_moving,103.64346582705267,0.28531426478669125,9.871356526398785,11.18560428109414,14.488818781167195,0.0,0.09906755920872205,1.9178545416537165,10.750884506105407,19.992290599307218,5
FM-038,fast_moving,127.5006274468235,0.22534357106941727,3.213131720791729,10.268289718995856,1.5776342101393155,0.0,0.06277160610350081,1.4570359176524392,14.542479841059478,33.208197598100384,5
FM-039,fast_moving,98.95989064008188,0.243914405052924,-2.502343430022187,6.052002701308179,43.14695014525861,0.0,0.06189575899567713,2.0375418053880754,17.768581359218835,30.085708981581956,4
FM-040,fast_moving,111.35081676359015,0.2826799046558651,-0.08485933450814898,6.77228252571441,28.620483501643587,0.0,0.0987619769340648,2.0413260757549967,18.99154201720754,30.320832094080927,5
SM-001,slow_moving,5.4440474087926916,0.4158620550126732,-2.1903707889543167,1.6297150400943028,3.1078962323481956,0.0,0.08871239792839915,3.0933814594217512,15.489491941067433,47.25227808704214,10
SM-002,slow_moving,2.9342964852557567,0.6785125483346806,-12.150281381294642,0.6006211259583205,0.6920177609636511,0.0,0.07629571672022784,1.8080439697812332,21.479750080430986,26.928390825980163,6
SM-003,slow_moving,2.5685809028633937,0.48517701159205195,-11.978160318890598,7.462623541107918,33.513499580967334,0.0,0.09756228877841147,3.1910301004890522,20.42335196587905,51.02487941102241,10
SM-004,slow_moving,7.563327594320456,0.5525539330947213,-13.003657768452895,3.0123495784645193,0.5768558622816529,0.0,0.07293828813363105,2.0339727580189786,15.03750940157879,32.00841181918781,8
SM-005,slow_moving,4.204030675131432,0.6801560191204894,-1.345350966117472,9.96322937363982,5.260915887703212,0.0,0.09041757183830067,1.857971810421591,22.669936185113297,40.17732727664066,9
SM-006,slow_moving,4.257397790926202,0.6783779926254587,-8.735252889600186,9.225310906908536,22.6622709923423,0.0,0.05518836902060685,2.153417442418993,16.57660141327983,36.984874026504734,10
SM-007,slow_moving,4.706693120250522,0.6225595100922184,-12.543291564030763,4.480843318861019,35.974575938302976,0.0,0.07076139559833006,1.9210631039554014,17.15812833000719,30.833688962993474,10
SM-008,slow_moving,6.429512277507449,0.5465181484112459,-2.3649656814484654,3.2307628415661913,9.784587456512423,0.0,0.06700081900011738,2.6161333914082334,20.191765584755583,23.690328112203684,9
SM-009,slow_moving,4.483451798796074,0.4055888449180005,-6.361155368793497,8.797176636481938,10.31955816816322,0.0,0.06718813711773725,2.2794457938647263,19.21097463174314,22.557353569616726,7
SM-010,slow_moving,6.013146155195781,0.661977399307251,-12.882411461009657,4.62389698260469,0.5365058873668196,0.0,0.05407638219393757,2.1800356237938954,20.98477595204539,32.92010106050173,6
SM-011,slow_moving,2.88925263841635,0.6499386954309369,-6.245314435045017,6.706747179186966,25.6076986646166,0.0,0.0654484443207233,2.4756450040568025,24.48523866423678,30.233118552726612,7
SM-012,slow_moving,5.319174745785526,0.5667701248369794,-5.142662020630594,9.78096681689795,48.0330199772646,0.0,0.07546434801866427,1.830885726564453,20.311252747349883,37.059927767255644,10
SM-013,slow_moving,2.0178155252617582,0.4544734848533415,-14.457753681979764,3.479663322788369,43.55641487333076,0.0,0.07707422217183332,3.1655992407748648,22.19818722278749,40.10651510185883,9
SM-014,slow_moving,5.255168015219938,0.6519231347155011,-14.851724379730426,0.7221866829519152,9.033336413164301,0.0,0.06303814642385729,2.7480880323976113,19.6439010638183,32.11136925283698,6
SM-015,slow_moving,5.029607579768097,0.547540536179095,-5.57444151411692,4.068985778356945,21.993959225113382,0.0,0.05418054550295137,2.1943245240688514,19.479111492522023,42.463487112746556,10
SM-016,slow_moving,7.1115104542115155,0.6686194088287086,-6.612924632451559,9.715823089260033,19.590728581027232,0.0,0.05040105028357378,2.9470851659229425,16.242326800803582,22.329127486096418,9
SM-017,slow_moving,6.669961443166152,0.5840978958675708,-6.904460700164776,8.451540255783819,10.764383646424385,0.0,0.05143495470155088,2.849555088493256,23.233686543472913,25.477629927363296,8
SM-018,slow_moving,3.1767035228161884,0.6669878361923474,-12.84142304247162,2.73821580532849,49.77030649425173,0.0,0.0577809988805116,2.0380326155665602,23.038598938391942,49.7191096928825,9
SM-019,slow_moving,3.846061803496175,0.6676348360249114,-1.095086098054022,1.6263599105163518,33.97224391281003,0.0,0.08212635108245744,2.707308907473248,17.991442134930264,55.58419703030501,7
SM-020,slow_moving,4.078660969892582,0.5506217939860929,-9.59061495530545,7.000135382668068,20.01489781759687,0.0,0.08258335349326767,2.1489291169777,15.816375361177812,58.88799371933116,10
SM-021,slow_moving,5.970964647535915,0.43471305379549807,-3.3476078915012852,3.665798693184561,51.14272168933831,0.0,0.0965188172736284,2.3940416622616105,22.27415454580988,51.36301755638247,9
SM-022,slow_moving,7.193306311964298,0.6752632790420325,-5.679497797915985,5.411841865203847,17.092298840762027,0.0,0.053388702869360045,1.9396350371091864,20.62021134468845,22.488447721529134,10
SM-023,slow_moving,4.405202778469495,0.4822892253880495,-6.667153174373778,3.190847327897276,42.79751297072477,0.0,0.05895258266129906,2.810035811131314,24.973883556856855,39.056499180811784,10
SM-024,slow_moving,3.2646125730036055,0.4670936211839012,-9.127789311442951,2.2277230733670503,13.199096522871464,0.0,0.08566026615158528,2.753884563156716,18.089015979548225,53.7061155365477,7
SM-025,slow_moving,5.805413562185552,0.5619415141436449,-5.866075212308495,3.2389974862396342,25.477670182151517,0.0,0.053468410969822015,2.9126242221193483,23.906428253939758,55.125562573581625,8
SM-026,slow_moving,3.5643935387543726,0.46208332718394357,-13.138786614250552,9.492127649936249,15.760575592688543,0.0,0.05644574084183713,2.2126242505772593,16.807550483523464,53.3567832629231,8
SM-027,slow_moving,2.5935605983485326,0.6460919398364551,-5.384728364497473,3.338341404218179,22.8299171572571,0.0,0.07926086318418221,3.0932550085600536,22.561494161383884,46.390688966236034,7
SM-028,slow_moving,5.638728618231668,0.6736620185848727,-11.83763183239899,6.362176270339315,19.182686835077057,0.0,0.07994051638636807,2.267646049761526,21.126734822853045,44.24544566143765,7
SM-029,slow_moving,3.521626648166097,0.6734618801015569,-11.701190387470394,2.0639548623001094,24.164638484292382,0.0,0.056208310208199885,1.8223677937606806,19.399237305079225,57.78773742062492,6
SM-030,slow_moving,7.254830573061909,0.5444394128967803,-14.698817440421266,2.706674215403122,38.9857758422364,0.0,0.06037171380102094,3.0540411088324917,24.817778229741997,29.820664271949457,10
SM-031,slow_moving,3.055483587298596,0.4097430302633131,-6.641785947107236,0.4180623634481784,13.132812728992398,0.0,0.0653015771847354,2.8575749957368677,15.86541779212352,58.32035644300593,8
SM-032,slow_moving,6.3687190252680095,0.6626606669146675,-10.392852538597701,6.197620741473954,45.88461338333491,0.0,0.07230644022683298,2.839752615669769,20.922340928106998,58.93371281005696,10
SM-033,slow_moving,3.5047720882661673,0.5134865501162886,-2.9059500372688447,0.5359457088875275,20.158803887899097,0.0,0.09404660914877405,2.4203077783045517,24.8860418662128,27.122605809494015,8
SM-034,slow_moving,6.6785802609669105,0.547054114794815,-11.010036412184558,7.6609749502365085,11.459436036448203,0.0,0.08931327546718118,1.8799058725042572,20.159330591190244,55.91947071832949,6
SM-035,slow_moving,2.1238915974399317,0.42486980582730777,-5.947663114253446,2.5184224145605274,36.816859858067545,0.0,0.09891822917067235,2.1895537160443785,18.027223786318515,28.90377949738753,7
SM-036,slow_moving,6.819117308191671,0.6821288505565313,-11.130212142274848,1.7197002306909104,11.445509363635184,0.0,0.055059851325925974,2.6329187504039577,24.708860142562543,49.61339869334164,9
SM-037,slow_moving,6.857409470906591,0.6998670766846117,-1.8145945500250047,6.020737559623485,33.59880925429802,0.0,0.053710657056876554,2.763693064347308,22.526964111860593,37.23389510297885,10
SM-038,slow_moving,3.647990861748987,0.427996181472155,-8.819068442469344,4.278962976697992,19.31532814639491,0.0,0.0996400968313887,1.9922972624080675,24.06840691342822,47.95926649004874,7
SM-039,slow_moving,4.7780591162583494,0.5383267903482605,-0.5843349720051751,6.395040531158143,2.46284344178028,0.0,0.0875287702612048,3.100817122446168,16.73744809718467,43.66875906027225,6
SM-040,slow_moving,7.77264229272561,0.43652571503651816,-8.683067673173259,6.1706557156261574,16.16655346535805,0.0,0.05670525310524876,2.9178690871686177,15.8329459580266,34.996062295434015,9
SEAS-001,seasonal,22.15168834941156,0.2027465452950385,-1.469546114894332,57.80336932485298,27.603624172162387,0.0,0.11674438557166872,1.622511773228938,12.483900161663515,38.673516150398605,8
SEAS-002,seasonal,54.137639154758105,0.2569565465356704,-1.6783930875962465,73.65842748341697,13.937153399854143,0.0,0.10331800112328274,2.669116598649194,13.747337715251291,39.006144869996284,8
SEAS-003,seasonal,22.53548475526585,0.2700243683919559,-1.63114725181799,57.40664454330026,25.211025895841114,0.0,0.12643443933714504,2.6743515689896524,16.31232606042771,36.262819055612994,8
SEAS-004,seasonal,26.35247048050357,0.28029097093585176,-1.397882923872059,66.49762384595155,6.590150627962547,0.0,0.1116061085927286,2.186854660063648,16.02392743045079,22.972031657904196,8
SEAS-005,seasonal,35.936947950610104,0.3040523697470999,1.7885438835709815,45.22788452724227,42.02034745924037,0.0,0.14148279761952473,1.8871994022841212,13.804057197857192,39.98753776686345,7
SEAS-006,seasonal,33.91458853445842,0.26121506871228883,-1.3823352756864717,59.42106048516085,34.716006694275556,0.0,0.10269212159193482,1.92854161020774,16.803420695463434,42.74756699078676,6
SEAS-007,seasonal,43.85774602922325,0.22045428611764056,-1.9919828946068492,63.40661208336622,39.164224067683975,0.0,0.10958901479652912,2.640575603630648,18.113697336329913,29.874318679794072,9
SEAS-008,seasonal,44.30148924373858,0.31319136760392674,0.4178160147979333,53.80455548132118,26.326297638649013,0.0,0.11172583275454949,2.209811138216214,18.096536257715677,30.50154772290456,8
SEAS-009,seasonal,25.512565345616824,0.23424761999202084,0.6723956458093556,77.55949301454203,26.309388640488965,0.0,0.11209672257132627,2.198577255243025,15.453716587405456,25.825914826261567,8
SEAS-010,seasonal,47.234026181759134,0.2164025209370161,0.21274820941536454,79.84442790833879,43.5264109449204,0.0,0.1389379396059961,1.8245105503025483,18.064803045424107,37.719677228411854,6
SEAS-011,seasonal,38.780675890195226,0.34170167616613106,-1.2262698931080505,65.01654566600602,12.695069620702302,0.0,0.1521621464062163,2.6901351212777156,10.414137304620187,20.692358761321366,5
SEAS-012,seasonal,39.16505480384989,0.27456562344858537,0.3761805136056724,62.874243600302975,50.75952175745304,0.0,0.12508716475971052,2.530348903107228,19.101507306987944,36.112717198636744,5
SEAS-013,seasonal,54.101350978792695,0.2999580095465248,0.37269409849854007,44.1669325448033,6.674787717686867,0.0,0.1250261922679374,2.862883412101074,12.578111416788937,38.80954308583712,7
SEAS-014,seasonal,56.082421885451055,0.2941102760693103,0.49392697880253866,74.97158501531413,46.76863308443002,0.0,0.10685607597208002,2.234412150925172,14.114139850813991,38.97998399331243,5
SEAS-015,seasonal,21.724183998434945,0.2056661756724917,0.4843715091900007,64.20640812057592,39.825622182423274,0.0,0.115488855044313,2.4649259110242108,13.900951991776118,17.613144935941712,6
SEAS-016,seasonal,43.189400513393345,0.34623010273892807,1.8542383415287196,49.22242658155254,1.3058519282312608,0.0,0.14989986586407428,2.557678744652666,17.08924654185044,15.444443592653483,7
SEAS-017,seasonal,21.44739894062662,0.3343481052680244,0.874064170160354,58.30101484462273,9.74594240770404,0.0,0.12828283006869817,2.4391111571353212,15.257864910702704,18.0445860276554,8
SEAS-018,seasonal,36.54728966483869,0.30222026586820305,-1.6300330004280457,50.648278840700925,35.152388050806096,0.0,0.1060811606323537,2.6260443307936816,18.855115283734413,27.306150950320923,9
SEAS-019,seasonal,49.48038044575916,0.3474863765090443,-1.0666477283398077,52.75862058772195,11.420195793237626,0.0,0.10217247845358676,2.604627464374171,15.12127719214272,41.942259632386296,9
SEAS-020,seasonal,49.06099440051171,0.3174170654169267,-0.5289500894201704,79.7615789680691,9.196781812487174,0.0,0.11819552963061587,1.81881002939446,15.07278418383331,43.93502597713703,5
SEAS-021,seasonal,21.023240491739514,0.2816097466983174,0.151864274911218,43.844425472043746,4.74563492130593,0.0,0.1301222159158895,2.3988783660077693,13.563401749145683,44.165151588517816,5
SEAS-022,seasonal,35.74671377394733,0.23233368947439065,-0.9673873457707196,62.48557337963802,5.354341336169389,0.0,0.10649130469137909,2.39647818849708,12.967616728758287,37.44610303325497,8
SEAS-023,seasonal,48.64191345257361,0.28454108205172435,-0.7416204718653168,59.78855559908094,11.421713811832129,0.0,0.1132251858052081,2.614162337200528,18.93729999486725,38.74685105965375,7
SEAS-024,seasonal,38.12856494389733,0.3314478650638954,-0.6643253431292795,57.61157439356855,0.7428532017703366,0.0,0.10921146818399498,1.7616346593185102,11.227149362010286,43.61372577839174,7
SEAS-025,seasonal,26.3787935979677,0.25709041852013653,0.37535016824615886,41.26301935676183,34.53500249887987,0.0,0.15225909384665265,2.703119503217514,10.851316459018014,23.39723676921542,6
SEAS-026,seasonal,34.68052656814486,0.34704527064441526,1.4084226723855315,52.220995207291764,41.75569226898334,0.0,0.11281951318373881,2.060083393107299,12.057686238873115,40.00578755400746,8
SEAS-027,seasonal,20.54375194491399,0.31161117013438755,0.6242855312592983,47.94718971010683,0.1973533071620559,0.0,0.12966893508194619,2.3132587814292203,19.837381285032766,22.040290537361933,9
SEAS-028,seasonal,37.47094696270073,0.23241660268330483,0.32190141965632435,69.93214545826709,13.00476161698044,0.0,0.12335302888820406,2.515995085298169,16.882803802841362,18.21692136783117,9
SEAS-029,seasonal,40.29654214293858,0.24754205527587925,-1.5445080785285379,56.77303537185933,38.75911444819874,0.0,0.12880041229436767,2.883280188149957,13.320974584013364,17.828008129692115,6
SEAS-030,seasonal,26.803056342122844,0.32266100178358037,-0.6170766104693568,68.26442629213435,25.653074149211527,0.0,0.10118493641283996,2.841564528534274,11.37100566166193,43.849306978106114,5
SEAS-031,seasonal,33.31388177490523,0.20027686737009007,-0.03489874688636574,75.69955043526964,17.74313094150716,0.0,0.1599172048421292,2.1194135015874305,18.879416973193425,33.03096766701623,9
SEAS-032,seasonal,57.967394441072244,0.25466797976585415,-0.28929715660852695,72.64069329748364,38.18459520076159,0.0,0.147654293322852,2.8978196204097646,10.75628452504123,38.649134913503545,8
SEAS-033,seasonal,37.11816016069588,0.34584838316388555,1.774074731703645,45.98683595612493,47.168622243032615,0.0,0.12151360068488905,1.9843365707786702,12.449230497945564,27.549082001903002,5
SEAS-034,seasonal,36.81080983015491,0.34596741150301547,0.9830440246597671,57.28652267114854,41.25779257748616,0.0,0.1430470381348018,1.8938146246274474,11.864751069576169,18.37397829538624,6
SEAS-035,seasonal,26.786575864749157,0.29518902817297277,1.2556380449192743,55.720023334550554,48.142642189730076,0.0,0.11325712999539828,2.3696405010918844,11.971836369318922,22.220104703061203,7
SEAS-036,seasonal,36.20979360488478,0.32707117666877966,1.506218527234323,52.071465734498375,12.932544919528631,0.0,0.11569641981850089,1.749881632266307,13.37084027981561,38.98811220001605,7
SEAS-037,seasonal,57.46971890378143,0.23089419028298033,-0.37490291781403107,63.70369168129203,21.785680127209567,0.0,0.1172511266236049,1.6462142206498667,10.515816252078356,35.30828019749681,6
SEAS-038,seasonal,24.379739170967074,0.33842163760056043,-0.18208384141398204,78.39151634927825,3.1901667014887742,0.0,0.10014675651444555,1.7791059168684509,10.181488230375992,34.096888982015294,8
SEAS-039,seasonal,44.23799154880354,0.27796853327891285,-0.5791270822108778,49.631828700150145,14.593493405226075,0.0,0.1429821562802936,2.3698019216744894,18.57539149761555,24.798415166817293,8
SEAS-040,seasonal,33.312709008609495,0.29654436600453254,1.8837400313143315,58.38471159900962,27.117275255893908,0.0,0.12646437125814733,2.9319082019363867,16.20514842339678,19.524767868920016,6
INT-001,intermittent,11.731674362861302,0.7981921096535274,0.8710936813303825,8.066085428993537,51.5589090540952,0.6854188030982056,0.037527560427783685,2.3323634050202466,24.664694831800045,33.547102656911164,9
INT-002,intermittent,10.9578606659982,0.5499543538308025,3.7056172396491185,2.922295480600509,36.04873850315204,0.8455579043649891,0.06999392647592957,2.397957628455588,26.499722940057765,48.41460318943668,10
INT-003,intermittent,8.605730319652139,0.6422529813464958,2.5990826805185634,1.8343192869077796,8.560283778564827,0.7528211908988297,0.061271265136605385,3.367412902107973,29.89112843716379,45.30043756215093,10
INT-004,intermittent,5.4360654825397265,0.8952211878856566,-8.209286212186518,6.840991362502339,15.525557764969335,0.7480989236187886,0.055441517144395165,2.9946770541321106,24.402666387463746,47.543785636922884,6
INT-005,intermittent,10.136022853876996,0.6283936333200548,1.2832676898423596,3.0620622189767577,8.214898679383836,0.6523013331847746,0.050153817130767865,2.2660806709373036,20.449120294977174,31.011418324063968,8
INT-006,intermittent,9.369253113188577,0.7046520292055938,-7.275471638825856,1.0775842336926134,46.38009978406862,0.6617100116307143,0.04570893024251867,2.6283597053491174,19.4385494644624,56.17543145028193,8
INT-007,intermittent,9.634181619124043,0.6722169406610383,-7.977176126597258,5.705115240064428,34.053467944321525,0.7143039382620164,0.042166805020497446,2.8956788677751497,23.037695946732818,31.509516029204057,6
INT-008,intermittent,4.372968571864211,0.6657575690445161,-6.834692126731921,8.04466344490194,35.313115958615114,0.8438233499864829,0.03341506838004916,3.554492364304077,15.888642592740423,45.706931187423194,7
INT-009,intermittent,10.449960991817557,0.6945079791148747,-5.530257618689507,9.080219793761874,39.55771722347646,0.7168042244396473,0.06429883156900343,2.5551131478887945,28.836588028122975,54.01905127918198,7
INT-010,intermittent,9.910624113317148,0.8213066961588595,-9.456848734411755,7.673525212081095,18.909168928475285,0.8473658902126298,0.058991371594637576,2.4022583455647175,20.436479584758622,48.42836467664057,9
INT-011,intermittent,3.135478247186235,0.5855048909507908,-1.7030609345926333,2.45801784144857,49.983075446863225,0.6831556695715891,0.04732434772157808,1.8330551923754375,16.385064655108312,70.18755627327279,9
INT-012,intermittent,5.194501967514589,0.8405684517217011,3.466620177787677,5.819030325458657,6.697584184347883,0.7904738669400109,0.04094051358066811,2.577494669934327,23.174382801716966,28.533196342406363,7
INT-013,intermittent,6.543004315773818,0.8384258000052647,1.5990545696059915,7.499299201936738,28.219921626789702,0.7946545103177757,0.05442319635553823,2.940541071981949,15.821594986742332,67.75022480265201,8
INT-014,intermittent,9.105274648136486,0.7498516524917791,-3.519721827148323,2.3208553077866725,19.988374113129883,0.6758340739813157,0.044651985049033456,3.0410070674528207,15.106626732390001,70.61710138327976,8
INT-015,intermittent,9.613834554644706,0.6649367814847341,-9.0330510680995,0.02940050764073443,51.001732080475556,0.666112012885677,0.04249605962370355,2.6125394908714807,20.820770949725706,46.04188272371051,9
INT-016,intermittent,9.176847863987406,0.8363243968833253,-6.707704300791177,1.3800653529062168,49.24217159708266,0.7691016760032886,0.06787329625276523,3.478544998501987,21.168097632274552,69.75890765025895,11
INT-017,intermittent,10.844292912523956,0.51356384043547,-4.4878205421713915,3.394411666825281,24.7954572923575,0.7222110137832488,0.04039476635888711,3.0286393186992107,29.18259714055546,78.00449077033136,9
INT-018,intermittent,7.354056717405816,0.5223729678761153,-9.099467642636391,2.877100215753976,48.47742599749958,0.7864331424424564,0.06421682239375764,3.2649978215105824,26.79078150546078,71.5035080984978,7
INT-019,intermittent,7.245348722610862,0.8094338073702285,-5.817776007791078,4.742373928280506,39.87017728228348,0.6725988896927149,0.03809974413764236,2.8897825992442945,21.512387534221418,64.54043609672983,12
INT-020,intermittent,11.039791976735549,0.856596560063496,-2.644333787744287,4.6088049280728205,25.463791289825906,0.7423145775998214,0.04156718916087403,3.5245586541061145,15.220589979562972,30.003647023149902,11
INT-021,intermittent,8.99864829720314,0.5868716900104245,4.445163338178421,3.3617457134544058,13.057856378752238,0.7057480575000623,0.05142151423535218,2.4349411358216555,28.642644018624978,73.4981656707067,12
INT-022,intermittent,3.6131831414433377,0.6038028957505758,-2.6259776146846683,2.875110267245881,12.940217246045083,0.7686426054537727,0.042929273478115766,1.9410648802182207,21.367858337480836,48.05709643673218,8
INT-023,intermittent,8.092930317272007,0.7192539249647467,-7.197306983567337,0.34423281617768975,39.31744511517913,0.7543273003494477,0.06273060830321961,2.335656308690457,29.616683421566286,52.15843003612315,9
INT-024,intermittent,5.55380906236402,0.5560694963137421,0.7185813357761859,8.711131636145138,0.5089263900130874,0.7896301302069624,0.06326328994038276,1.8405159827132977,21.147206121988447,26.918385010873894,12
INT-025,intermittent,9.185542204845524,0.6370069886047798,-6.586447327568102,3.5370995658029725,4.009718089908059,0.6909058308607404,0.043651561924747354,3.3011160673700672,27.123220424508,74.86577834803539,10
INT-026,intermittent,7.593147858217505,0.6264969568920271,-4.746527447295238,7.5990735120864,46.567231236116314,0.8327340823958078,0.05819774238375677,2.041521589784785,24.19714200597621,62.77293465143968,11
INT-027,intermittent,10.420170997857294,0.8069273504096222,-1.4647753688663876,2.658237050164253,32.974629397305456,0.7871491064812893,0.03360801761755623,1.8872568660371483,19.00722771634761,70.41843176623676,12
INT-028,intermittent,10.110853370761026,0.6337266902940111,3.094185182198478,2.7125950825011556,36.87708423184375,0.8349823652224425,0.06898362458802237,2.5749894400402664,18.611030478218726,42.376118985852614,6
INT-029,intermittent,9.850892991534717,0.7789698320153329,-6.239807655826326,9.784620310354532,0.9513177098168359,0.7585855728268367,0.05691349201111078,1.8642568942318076,17.76555433731507,43.39436681992876,12
INT-030,intermittent,3.1223066528704244,0.5633844133215067,-0.6541732774575255,1.7709190240646533,1.9500368795766123,0.72240929130253,0.03870724496660327,1.8084694794192688,18.92463018598501,39.84189197280998,9
INT-031,intermittent,6.34276304066761,0.623116627605967,-1.8962452750823964,9.421087617536003,31.072379989484276,0.7376237243474667,0.0499971386076914,3.1324051511485216,20.90983676501401,58.139362215263446,7
INT-032,intermittent,7.485622167423964,0.5089475288188399,0.8676520876309812,3.4656318804558914,32.906096424528435,0.8076029365736999,0.03567182276411305,3.4249079849445323,15.338659643223139,62.228793266444214,9
INT-033,intermittent,8.123625355765782,0.6092655018677373,-4.811456485132336,4.495060570500041,10.989852943664687,0.7890785060459727,0.04584322203935094,2.50530392227638,19.182658414986978,78.18396419621806,6
INT-034,intermittent,4.866719733216513,0.7006852565509498,-9.179517814310662,4.8264959032295724,15.904393313769596,0.7780561141011918,0.05418488486657516,3.5669565657789732,22.650896686702534,74.2049546619342,9
INT-035,intermittent,9.483125259287087,0.5818189581155468,3.8222708296555723,2.860819713751831,25.77884049141579,0.7677831056805535,0.04102378551594598,2.000916639340033,23.570210507922596,45.40438101333586,12
INT-036,intermittent,8.912822329975391,0.8483547589030858,4.939536457872341,4.6128334372844755,40.72210999735706,0.7506529262644877,0.041828221933971364,3.003257979573725,15.874570132386005,74.67580781345572,10
INT-037,intermittent,7.737799196658821,0.5989535474457238,-5.45834388392902,6.867333519389288,51.317187993908014,0.7584483206880938,0.05847334617146402,3.5821356294121802,23.544721841196335,71.0759036201942,12
INT-038,intermittent,11.395722453901238,0.5272857927750516,1.053760635616733,6.781330979645456,29.57660928582434,0.7330618118151215,0.031919723024138494,1.8643447650065246,19.430228259314255,63.301698384185435,6
INT-039,intermittent,6.350280335764712,0.7341777937755471,-0.6672724167443747,3.6767065154182843,39.9667616487648,0.728550837617767,0.06265519000807604,2.2966988292289225,18.501500524277365,57.96181367662596,7
INT-040,intermittent,9.98474969732462,0.6676150657109627,-7.813225419606606,8.560411990883068,17.961354596910898,0.7807503045161489,0.041442963959749786,2.4136231379108195,15.962522311707374,41.43866736791678,8
PROMO-001,promotion_driven,29.78532277964046,0.22328241372251534,3.714776838606012,15.251920751329678,0.6665853592607398,0.0,0.20496779791086825,3.228671381710939,34.317974460936504,23.196058493762134,6
PROMO-002,promotion_driven,15.65621303371085,0.338488819085765,3.094230591495693,18.28829130502261,15.540774403121603,0.0,0.21182809919809262,3.047484589225379,28.012868975759552,18.141331856756494,5
PROMO-003,promotion_driven,31.435466161283173,0.3197966321515382,5.573657103604072,17.59922937292655,18.892356287371687,0.0,0.20586306330317244,4.568476049079226,26.63604541859489,15.352627962898753,5
PROMO-004,promotion_driven,28.334745852827673,0.23871980169545431,8.658000046329114,17.466693534675787,50.34030726897055,0.0,0.1665264525324229,2.879972708895969,26.74470999843429,26.465341518179574,4
PROMO-005,promotion_driven,34.581914863773804,0.3280530226577262,-4.888571724672588,19.61009125202579,16.876319829411912,0.0,0.23305316313658617,4.963922257923083,27.030152395345866,27.568244203297546,6
PROMO-006,promotion_driven,32.9934026940675,0.23847936984992846,1.3813122878804585,14.302265149222123,39.05185032547977,0.0,0.20506320621860252,3.1863334540404744,21.92503415419703,12.099057059873564,6
PROMO-007,promotion_driven,31.60225791503273,0.2128741341233263,2.053129533797696,12.090808499215694,19.30929495714404,0.0,0.2004965590400778,2.9770549260203496,22.146985919208554,27.80457326838832,5
PROMO-008,promotion_driven,31.31712743827884,0.28362727738984583,5.84995964825627,22.00540078170876,3.2768696981570513,0.0,0.23627286290221924,3.0864752575342878,27.274486419255332,22.428730854635944,5
PROMO-009,promotion_driven,27.62900770132769,0.3067955026396658,8.592706671152037,22.063284705949236,8.147417434437113,0.0,0.20316358051912775,4.423540891479157,25.072612204102573,29.9824330087171,4
PROMO-010,promotion_driven,26.6889158966073,0.34585548390691656,1.8306216651343608,11.20028227537902,16.32084444023743,0.0,0.22921596178971237,3.6523607380084897,31.42630403148314,25.638017804797933,5
PROMO-011,promotion_driven,21.907336586567677,0.275499511441454,6.988414910251823,13.63755906240775,5.016326894103927,0.0,0.1943343031740822,4.942752244183412,33.079621095339206,10.167608960493945,6
PROMO-012,promotion_driven,31.81148058969336,0.33408583669321623,-0.7978088046430001,12.834914059495556,8.399682108693575,0.0,0.1930073713500996,4.4484858129684435,26.751010113356422,25.325015248264464,4
PROMO-013,promotion_driven,19.647351365990758,0.2962568376915753,1.4395354243010514,16.78171482786807,5.626053127244067,0.0,0.22868605979984763,4.105645094378219,21.79516219253888,15.576496385865346,6
PROMO-014,promotion_driven,31.396877955511197,0.34431438819910587,4.632747011979708,21.18908153701463,49.093191685889316,0.0,0.23992611161783728,4.083154064602255,28.594224827042858,20.475034745692042,5
PROMO-015,promotion_driven,27.31572964393933,0.2644918481526575,-0.5539130007802449,24.834376805210844,50.57242545524203,0.0,0.2111722202983531,3.8149003114184303,26.671873375160736,24.76404450992394,5
PROMO-016,promotion_driven,33.158984848900616,0.30958533548694617,-0.14767150770023818,15.233826391236747,10.443581700406996,0.0,0.16277731384920865,3.5774260639308566,25.519986135324388,14.088794827502205,5
PROMO-017,promotion_driven,33.32287460244038,0.2286479037301523,3.9579438796936692,23.824255768720562,51.016869399937164,0.0,0.18087277316103542,4.733198242030479,33.95875445525334,15.58347890798149,6
PROMO-018,promotion_driven,27.310966805230365,0.3034769124656093,5.467383876312896,19.70425566467744,39.598109948570134,0.0,0.20609994005074167,3.9911229732190505,26.1745267287616,20.942744530052913,5
PROMO-019,promotion_driven,31.867185963834288,0.3042824742725404,9.681710498798678,19.01970452082687,31.435536640145028,0.0,0.18781049912280837,4.030244011559335,27.409923090434066,12.848224222868353,6
PROMO-020,promotion_driven,27.15043130111037,0.3143997972614273,-1.0307251791049699,13.408198937516186,43.33078558166777,0.0,0.23074998759217819,4.597533728188517,31.422390426588734,14.304270620885578,5
PROMO-021,promotion_driven,23.05969780872014,0.23245896471573513,2.5562799060405146,11.812901845995832,43.129739828835554,0.0,0.23222704312955467,3.8753139024004764,34.11984953318054,10.682885002446714,4
PROMO-022,promotion_driven,15.965231803758723,0.20606227929843882,8.296754297910274,14.231693608539796,29.977651417879102,0.0,0.19382715584338123,3.985405044157422,25.076406761451786,28.56342258338052,6
PROMO-023,promotion_driven,15.770388079392587,0.20514912439556163,7.412443245411765,12.334298315301027,28.12429182304616,0.0,0.23292822229572252,4.488824825136824,23.198876214261897,19.664210106235586,6
PROMO-024,promotion_driven,20.288761522570564,0.3335635325631179,-0.6978303306817457,14.449175349393796,2.7992684795938643,0.0,0.21593004503778013,2.9223661739015485,25.748205200229098,28.815276064481722,6
PROMO-025,promotion_driven,33.476727046529724,0.2389768998531545,-2.4576738190480167,10.186040221858867,3.1355881097722884,0.0,0.19301999632521102,4.730649199463914,26.194987274615396,27.996732278211564,4
PROMO-026,promotion_driven,20.64091131157746,0.21175089073279313,4.426075866332878,11.8886164154015,16.005986758724713,0.0,0.20502116550797767,4.894303014420952,24.240603620344352,18.520986878372362,4
PROMO-027,promotion_driven,34.73720417372092,0.30443118287332954,5.537852751161175,17.807756601088155,35.92311071755387,0.0,0.22646308477513566,4.690109583517917,34.243926424054,27.89204083061946,4
PROMO-028,promotion_driven,20.296512271228586,0.20801118822210543,6.626783732772672,23.1914444926922,14.922885221888226,0.0,0.1612401162740027,4.230641887091858,32.32025115933275,10.54893471047329,4
PROMO-029,promotion_driven,29.531755156804053,0.21291324782155455,9.913398435903591,24.42503590559349,9.709314610517644,0.0,0.22069752435991857,3.161121411221158,34.59765319423157,13.286181428294254,4
PROMO-030,promotion_driven,23.19697896574545,0.23456083217349952,-0.9385014971511971,11.03366801063591,6.104436919122561,0.0,0.18473266882023082,3.0937315449871288,34.93869331525691,12.395801853595232,6
PROMO-031,promotion_driven,19.60552144450248,0.3421237589840967,4.001265052544593,10.524647889186516,23.275773997603356,0.0,0.23933899674692127,4.026994611346858,23.320028534809726,18.53297053481763,5
PROMO-032,promotion_driven,15.412414191870278,0.22853467078301698,1.1510162051399586,19.872473508409623,32.399416005206156,0.0,0.21460821894028417,4.983139777626755,28.08892516753469,14.848021656571122,4
PROMO-033,promotion_driven,21.05926028897855,0.3311000210215096,2.377408481294373,24.706422237939684,32.58440289521961,0.0,0.19662657619419716,4.951332959706884,23.661136598475494,14.958127706414341,5
PROMO-034,promotion_driven,26.744626102167995,0.33938583125499516,9.278129487626357,24.935300388936557,9.864997093309679,0.0,0.16167273487316158,3.9266399671794185,31.435696951452996,19.933161119837486,5
PROMO-035,promotion_driven,21.69967515500897,0.24197559927316625,5.9837028934443754,15.991348206159982,24.706145943604454,0.0,0.1870106452026268,3.69990769779829,27.172856326049807,17.754980655128634,6
PROMO-036,promotion_driven,22.477235603216815,0.284387703213406,1.1429172464880981,16.63828085764468,38.24783912327973,0.0,0.17931240381226493,4.475463055426336,33.59513275594802,19.154749218499177,5
PROMO-037,promotion_driven,31.38830824922351,0.22834060993660887,-0.5385385666570013,19.05776737318815,19.835809344750615,0.0,0.17151283740123138,4.97811873044949,25.741751367687275,21.990791903908814,4
PROMO-038,promotion_driven,22.600004395104623,0.21676772490086296,5.894994724304752,24.322561455955018,34.32745278242285,0.0,0.17955454583850328,3.54812782644825,31.81814617628641,26.5668554957609,6
PROMO-039,promotion_driven,31.084566756936855,0.2738302575623507,-4.611221739590301,18.759496348959736,42.344091491058684,0.0,0.1929972254774434,3.297898615397413,22.45172342135129,29.00465332996617,6
PROMO-040,promotion_driven,30.151676286845245,0.21076751322833714,2.5220458252475737,24.23861355603063,1.721835894942521,0.0,0.18233286391185222,3.0472510894440843,34.80601113315872,27.0168307944409,5
